{"Bridgeinterruption":{"width":54,"height":57,"x":1203,"y":528,"pixelRatio":3,"sdf":false},"Entrance":{"width":60,"height":33,"x":306,"y":180,"pixelRatio":3,"sdf":false},"Exhibition-15":{"width":45,"height":45,"x":1212,"y":1158,"pixelRatio":3,"sdf":false},"Exit-15":{"width":45,"height":45,"x":1944,"y":1926,"pixelRatio":3,"sdf":false},"Gassupplyinterruption":{"width":54,"height":57,"x":1203,"y":414,"pixelRatio":3,"sdf":false},"Internet":{"width":48,"height":48,"x":1992,"y":1629,"pixelRatio":3,"sdf":false},"Interruptionofwatersupply":{"width":57,"height":57,"x":177,"y":1812,"pixelRatio":3,"sdf":false},"Powerinterruption":{"width":54,"height":57,"x":1203,"y":300,"pixelRatio":3,"sdf":false},"Provincial-15-1":{"width":54,"height":39,"x":1938,"y":108,"pixelRatio":3,"sdf":false},"Provincial-15-2":{"width":72,"height":39,"x":1746,"y":609,"pixelRatio":3,"sdf":false},"Provincial-15-3":{"width":81,"height":39,"x":1455,"y":207,"pixelRatio":3,"sdf":false},"Provincial-15-4":{"width":96,"height":39,"x":657,"y":738,"pixelRatio":3,"sdf":false},"Provincial-15-5":{"width":93,"height":45,"x":480,"y":1065,"pixelRatio":3,"sdf":false},"Provincial-15-6":{"width":108,"height":45,"x":1071,"y":288,"pixelRatio":3,"sdf":false},"Relaxed-15":{"width":45,"height":45,"x":180,"y":1980,"pixelRatio":3,"sdf":false},"Roaddisruption":{"width":54,"height":57,"x":1203,"y":186,"pixelRatio":3,"sdf":false},"Tiananmen":{"width":69,"height":36,"x":861,"y":1365,"pixelRatio":3,"sdf":false},"airport-15":{"width":45,"height":45,"x":225,"y":1980,"pixelRatio":3,"sdf":false},"bank-15":{"width":45,"height":45,"x":315,"y":1980,"pixelRatio":3,"sdf":false},"bath":{"width":48,"height":48,"x":1992,"y":1818,"pixelRatio":3,"sdf":false},"bg-bus-15":{"width":45,"height":45,"x":1992,"y":1866,"pixelRatio":3,"sdf":false},"bridge":{"width":45,"height":48,"x":1992,"y":1533,"pixelRatio":3,"sdf":false},"building-15":{"width":45,"height":45,"x":852,"y":1677,"pixelRatio":3,"sdf":false},"building-type-100000-18":{"width":45,"height":45,"x":897,"y":1677,"pixelRatio":3,"sdf":false},"building-type-110000-18":{"width":45,"height":45,"x":540,"y":1980,"pixelRatio":3,"sdf":false},"building-type-120000-18":{"width":45,"height":45,"x":585,"y":1980,"pixelRatio":3,"sdf":false},"building-type-130000-18":{"width":45,"height":45,"x":1530,"y":1980,"pixelRatio":3,"sdf":false},"building-type-140000-18":{"width":45,"height":45,"x":1485,"y":1980,"pixelRatio":3,"sdf":false},"building-type-150000-18":{"width":45,"height":45,"x":1440,"y":1980,"pixelRatio":3,"sdf":false},"building-type-160000-18":{"width":45,"height":45,"x":1395,"y":1980,"pixelRatio":3,"sdf":false},"building-type-170000-18":{"width":45,"height":45,"x":1350,"y":1980,"pixelRatio":3,"sdf":false},"building-type-180000-18":{"width":45,"height":45,"x":1305,"y":1980,"pixelRatio":3,"sdf":false},"building-type-190000-18":{"width":45,"height":45,"x":1260,"y":1980,"pixelRatio":3,"sdf":false},"building-type-199999-18":{"width":45,"height":45,"x":1215,"y":1980,"pixelRatio":3,"sdf":false},"building-type-200000-18":{"width":45,"height":45,"x":1170,"y":1980,"pixelRatio":3,"sdf":false},"building-type-300000-18":{"width":45,"height":45,"x":1125,"y":1980,"pixelRatio":3,"sdf":false},"building-type-400000-18":{"width":45,"height":45,"x":1080,"y":1980,"pixelRatio":3,"sdf":false},"building-type-600000-18":{"width":45,"height":45,"x":1035,"y":1980,"pixelRatio":3,"sdf":false},"building-type-700000-18":{"width":45,"height":45,"x":990,"y":1980,"pixelRatio":3,"sdf":false},"building-type-800000-18":{"width":45,"height":45,"x":945,"y":1980,"pixelRatio":3,"sdf":false},"building-type-990000-18":{"width":45,"height":45,"x":900,"y":1980,"pixelRatio":3,"sdf":false},"bus-15":{"width":45,"height":45,"x":855,"y":1980,"pixelRatio":3,"sdf":false},"car-15":{"width":45,"height":45,"x":810,"y":1980,"pixelRatio":3,"sdf":false},"car-28":{"width":84,"height":42,"x":831,"y":1065,"pixelRatio":3,"sdf":false},"charging-15":{"width":45,"height":45,"x":765,"y":1980,"pixelRatio":3,"sdf":false},"child-15":{"width":45,"height":45,"x":720,"y":1980,"pixelRatio":3,"sdf":false},"cinema-15":{"width":45,"height":45,"x":675,"y":1980,"pixelRatio":3,"sdf":false},"circle-15":{"width":45,"height":45,"x":630,"y":1980,"pixelRatio":3,"sdf":false},"circle-brown-11":{"width":36,"height":36,"x":1884,"y":1836,"pixelRatio":3,"sdf":false},"circle-red-11":{"width":36,"height":36,"x":930,"y":1365,"pixelRatio":3,"sdf":false},"college-15":{"width":45,"height":45,"x":495,"y":1980,"pixelRatio":3,"sdf":false},"comloss":{"width":57,"height":57,"x":120,"y":1812,"pixelRatio":3,"sdf":false},"county-15":{"width":87,"height":45,"x":573,"y":1065,"pixelRatio":3,"sdf":false},"county-15-1":{"width":54,"height":39,"x":1992,"y":1350,"pixelRatio":3,"sdf":false},"county-15-2":{"width":72,"height":39,"x":1746,"y":648,"pixelRatio":3,"sdf":false},"county-15-3":{"width":81,"height":39,"x":1455,"y":1035,"pixelRatio":3,"sdf":false},"county-15-4":{"width":102,"height":39,"x":366,"y":321,"pixelRatio":3,"sdf":false},"county-15-black":{"width":87,"height":45,"x":660,"y":1065,"pixelRatio":3,"sdf":false},"direction":{"width":174,"height":186,"x":0,"y":360,"pixelRatio":3,"sdf":false},"direction-0-18":{"width":54,"height":54,"x":1272,"y":1743,"pixelRatio":3,"sdf":false},"direction-1-18":{"width":54,"height":54,"x":1596,"y":1743,"pixelRatio":3,"sdf":false},"event-app-1000-18":{"width":54,"height":54,"x":1044,"y":1812,"pixelRatio":3,"sdf":false},"event-app-1001-18":{"width":54,"height":54,"x":1938,"y":54,"pixelRatio":3,"sdf":false},"event-app-1002-18":{"width":54,"height":54,"x":1938,"y":147,"pixelRatio":3,"sdf":false},"event-app-1003-18":{"width":54,"height":54,"x":1938,"y":201,"pixelRatio":3,"sdf":false},"event-app-1004-18":{"width":54,"height":54,"x":1938,"y":633,"pixelRatio":3,"sdf":false},"event-app-1005-18":{"width":54,"height":54,"x":1512,"y":1926,"pixelRatio":3,"sdf":false},"event-app-1007-18":{"width":54,"height":54,"x":1836,"y":1926,"pixelRatio":3,"sdf":false},"event-app-1008-18":{"width":54,"height":54,"x":1890,"y":1926,"pixelRatio":3,"sdf":false},"event-app-1009-18":{"width":54,"height":54,"x":1992,"y":1296,"pixelRatio":3,"sdf":false},"event-app-1010-18":{"width":54,"height":54,"x":1992,"y":1242,"pixelRatio":3,"sdf":false},"event-app-1011-18":{"width":54,"height":54,"x":1992,"y":1188,"pixelRatio":3,"sdf":false},"event-app-1011-18-1":{"width":54,"height":54,"x":1992,"y":1134,"pixelRatio":3,"sdf":false},"event-app-1012-18":{"width":54,"height":54,"x":1992,"y":1080,"pixelRatio":3,"sdf":false},"event-app-1013-18":{"width":54,"height":54,"x":1992,"y":1026,"pixelRatio":3,"sdf":false},"event-app-1014-18":{"width":54,"height":54,"x":1992,"y":972,"pixelRatio":3,"sdf":false},"event-app-1101-18":{"width":54,"height":54,"x":1992,"y":918,"pixelRatio":3,"sdf":false},"event-app-1102-18":{"width":54,"height":54,"x":1992,"y":864,"pixelRatio":3,"sdf":false},"event-app-1103-18":{"width":54,"height":54,"x":1992,"y":810,"pixelRatio":3,"sdf":false},"event-app-1104-18":{"width":54,"height":54,"x":1992,"y":756,"pixelRatio":3,"sdf":false},"event-app-1105-18":{"width":54,"height":54,"x":1992,"y":702,"pixelRatio":3,"sdf":false},"event-app-1106-18":{"width":54,"height":54,"x":1992,"y":648,"pixelRatio":3,"sdf":false},"event-app-1108-18":{"width":54,"height":54,"x":1992,"y":594,"pixelRatio":3,"sdf":false},"event-app-1109-18":{"width":54,"height":54,"x":1992,"y":540,"pixelRatio":3,"sdf":false},"event-app-1201-18":{"width":54,"height":54,"x":1992,"y":486,"pixelRatio":3,"sdf":false},"event-app-1202-18":{"width":54,"height":54,"x":1992,"y":432,"pixelRatio":3,"sdf":false},"event-app-1203-18":{"width":54,"height":54,"x":1992,"y":378,"pixelRatio":3,"sdf":false},"event-app-1204-18":{"width":54,"height":54,"x":1992,"y":324,"pixelRatio":3,"sdf":false},"event-app-1205-18":{"width":54,"height":54,"x":1992,"y":270,"pixelRatio":3,"sdf":false},"event-app-1206-18":{"width":54,"height":54,"x":1992,"y":216,"pixelRatio":3,"sdf":false},"event-app-1207-18":{"width":54,"height":54,"x":1992,"y":162,"pixelRatio":3,"sdf":false},"event-app-1208-18":{"width":54,"height":54,"x":1992,"y":108,"pixelRatio":3,"sdf":false},"event-app-1401-18":{"width":54,"height":54,"x":1992,"y":54,"pixelRatio":3,"sdf":false},"event-app-1402-18":{"width":54,"height":54,"x":1992,"y":0,"pixelRatio":3,"sdf":false},"event-app-1403-18":{"width":54,"height":54,"x":1782,"y":1926,"pixelRatio":3,"sdf":false},"event-app-1404-18":{"width":54,"height":54,"x":1728,"y":1926,"pixelRatio":3,"sdf":false},"event-app-1501-18":{"width":54,"height":54,"x":1674,"y":1926,"pixelRatio":3,"sdf":false},"event-app-1502-18":{"width":54,"height":54,"x":1620,"y":1926,"pixelRatio":3,"sdf":false},"event-app-1503-18":{"width":54,"height":54,"x":1566,"y":1926,"pixelRatio":3,"sdf":false},"event-app-1504-18":{"width":54,"height":54,"x":1458,"y":1926,"pixelRatio":3,"sdf":false},"event-app-1505-18":{"width":54,"height":54,"x":1404,"y":1926,"pixelRatio":3,"sdf":false},"event-app-1506-18":{"width":54,"height":54,"x":1350,"y":1926,"pixelRatio":3,"sdf":false},"expressway-15-1":{"width":54,"height":48,"x":1938,"y":1875,"pixelRatio":3,"sdf":false},"expressway-15-2":{"width":72,"height":48,"x":312,"y":1527,"pixelRatio":3,"sdf":false},"expressway-15-3":{"width":90,"height":48,"x":558,"y":1158,"pixelRatio":3,"sdf":false},"expressway-15-4":{"width":102,"height":48,"x":459,"y":738,"pixelRatio":3,"sdf":false},"expressway-15-5":{"width":93,"height":45,"x":387,"y":1065,"pixelRatio":3,"sdf":false},"fuel-15":{"width":45,"height":45,"x":1572,"y":1677,"pixelRatio":3,"sdf":false},"garden-15":{"width":45,"height":45,"x":1527,"y":1677,"pixelRatio":3,"sdf":false},"golf-15":{"width":45,"height":45,"x":1392,"y":1677,"pixelRatio":3,"sdf":false},"government-15":{"width":45,"height":45,"x":1347,"y":1677,"pixelRatio":3,"sdf":false},"harbor-15":{"width":45,"height":45,"x":1302,"y":1677,"pixelRatio":3,"sdf":false},"highSpeedExport":{"width":75,"height":42,"x":786,"y":1365,"pixelRatio":3,"sdf":false},"hospital-15":{"width":45,"height":45,"x":1257,"y":1677,"pixelRatio":3,"sdf":false},"hotel-15":{"width":45,"height":45,"x":1212,"y":1677,"pixelRatio":3,"sdf":false},"house-15":{"width":45,"height":45,"x":1167,"y":1677,"pixelRatio":3,"sdf":false},"icon-4g-cloth-control-ball-1":{"width":54,"height":81,"x":1383,"y":690,"pixelRatio":3,"sdf":false},"icon-4g-cloth-control-ball-1-fault":{"width":69,"height":81,"x":1383,"y":771,"pixelRatio":3,"sdf":false},"icon-4g-cloth-control-ball-1-forbidden":{"width":69,"height":81,"x":1383,"y":852,"pixelRatio":3,"sdf":false},"icon-4g-cloth-control-ball-1-off-line":{"width":69,"height":81,"x":1383,"y":933,"pixelRatio":3,"sdf":false},"icon-4g-cloth-control-ball-1-online":{"width":69,"height":81,"x":1383,"y":1014,"pixelRatio":3,"sdf":false},"icon-4g-cloth-control-ball-1-proposed":{"width":66,"height":81,"x":1383,"y":1095,"pixelRatio":3,"sdf":false},"icon-4gpolice-car-1":{"width":102,"height":75,"x":303,"y":825,"pixelRatio":3,"sdf":false},"icon-4gpolice-car-overlook":{"width":39,"height":81,"x":1383,"y":1176,"pixelRatio":3,"sdf":false},"icon-Individual-soldier-1":{"width":48,"height":75,"x":1536,"y":609,"pixelRatio":3,"sdf":false},"icon-Individual-soldier-1-fault":{"width":63,"height":75,"x":1536,"y":459,"pixelRatio":3,"sdf":false},"icon-Individual-soldier-1-forbidden":{"width":63,"height":75,"x":1536,"y":384,"pixelRatio":3,"sdf":false},"icon-Individual-soldier-1-off-line":{"width":63,"height":75,"x":1536,"y":309,"pixelRatio":3,"sdf":false},"icon-Individual-soldier-1-online":{"width":63,"height":75,"x":1536,"y":234,"pixelRatio":3,"sdf":false},"icon-Individual-soldier-1-proposed":{"width":63,"height":75,"x":1599,"y":1386,"pixelRatio":3,"sdf":false},"icon-Induction-screen-1":{"width":69,"height":54,"x":789,"y":1602,"pixelRatio":3,"sdf":false},"icon-Induction-screen-1-fault":{"width":75,"height":54,"x":1398,"y":1446,"pixelRatio":3,"sdf":false},"icon-Induction-screen-1-forbidden":{"width":75,"height":54,"x":1323,"y":1446,"pixelRatio":3,"sdf":false},"icon-Induction-screen-1-off-line":{"width":75,"height":54,"x":1248,"y":1446,"pixelRatio":3,"sdf":false},"icon-Induction-screen-1-online":{"width":75,"height":54,"x":1173,"y":1446,"pixelRatio":3,"sdf":false},"icon-Induction-screen-1-proposed":{"width":75,"height":54,"x":1098,"y":1446,"pixelRatio":3,"sdf":false},"icon-a-major-industry-1":{"width":60,"height":72,"x":1746,"y":759,"pixelRatio":3,"sdf":false},"icon-aircraft-1":{"width":78,"height":42,"x":1284,"y":1299,"pixelRatio":3,"sdf":false},"icon-ambulance-1":{"width":78,"height":39,"x":1362,"y":1299,"pixelRatio":3,"sdf":false},"icon-ambulance-overlook":{"width":42,"height":81,"x":1317,"y":741,"pixelRatio":3,"sdf":false},"icon-ar-1":{"width":69,"height":54,"x":1746,"y":1527,"pixelRatio":3,"sdf":false},"icon-ar-1-fault":{"width":144,"height":102,"x":927,"y":696,"pixelRatio":3,"sdf":false},"icon-ar-1-forbidden":{"width":144,"height":102,"x":927,"y":594,"pixelRatio":3,"sdf":false},"icon-ar-1-off-line":{"width":144,"height":102,"x":927,"y":348,"pixelRatio":3,"sdf":false},"icon-ar-1-online":{"width":144,"height":102,"x":927,"y":246,"pixelRatio":3,"sdf":false},"icon-ar-1-proposed":{"width":144,"height":102,"x":927,"y":144,"pixelRatio":3,"sdf":false},"icon-area-of-concern":{"width":81,"height":81,"x":0,"y":1365,"pixelRatio":3,"sdf":false},"icon-attention-type-alarm-1":{"width":57,"height":69,"x":1536,"y":1410,"pixelRatio":3,"sdf":false},"icon-auxiliary-police-1":{"width":66,"height":78,"x":1599,"y":780,"pixelRatio":3,"sdf":false},"icon-base-station-1":{"width":78,"height":72,"x":156,"y":1527,"pixelRatio":3,"sdf":false},"icon-base-station-2":{"width":48,"height":81,"x":1317,"y":984,"pixelRatio":3,"sdf":false},"icon-bicycle":{"width":78,"height":57,"x":234,"y":1527,"pixelRatio":3,"sdf":false},"icon-bus-1":{"width":78,"height":39,"x":1668,"y":543,"pixelRatio":3,"sdf":false},"icon-bus-overlook":{"width":33,"height":78,"x":1668,"y":621,"pixelRatio":3,"sdf":false},"icon-carmonitoring-1":{"width":78,"height":54,"x":1668,"y":699,"pixelRatio":3,"sdf":false},"icon-carmonitoring-1-fault":{"width":81,"height":54,"x":1455,"y":426,"pixelRatio":3,"sdf":false},"icon-carmonitoring-1-forbidden":{"width":81,"height":54,"x":1455,"y":480,"pixelRatio":3,"sdf":false},"icon-carmonitoring-1-off-line":{"width":78,"height":54,"x":1668,"y":753,"pixelRatio":3,"sdf":false},"icon-carmonitoring-1-online":{"width":78,"height":54,"x":1668,"y":807,"pixelRatio":3,"sdf":false},"icon-carmonitoring-1-proposed":{"width":78,"height":54,"x":1668,"y":861,"pixelRatio":3,"sdf":false},"icon-case-events-1":{"width":63,"height":78,"x":1668,"y":915,"pixelRatio":3,"sdf":false},"icon-case-events-1-fault":{"width":72,"height":78,"x":1668,"y":1071,"pixelRatio":3,"sdf":false},"icon-case-events-1-forbidden":{"width":72,"height":78,"x":1668,"y":1383,"pixelRatio":3,"sdf":false},"icon-case-events-1-off-line":{"width":72,"height":78,"x":1668,"y":1305,"pixelRatio":3,"sdf":false},"icon-case-events-1-online":{"width":72,"height":78,"x":1668,"y":1227,"pixelRatio":3,"sdf":false},"icon-case-events-1-proposed":{"width":69,"height":78,"x":1668,"y":1149,"pixelRatio":3,"sdf":false},"icon-coil-1":{"width":57,"height":66,"x":1818,"y":57,"pixelRatio":3,"sdf":false},"icon-communication-vehicle-1":{"width":81,"height":48,"x":1455,"y":1341,"pixelRatio":3,"sdf":false},"icon-communication-vehicle-overlook":{"width":42,"height":81,"x":1317,"y":1065,"pixelRatio":3,"sdf":false},"icon-community-administrator-1":{"width":69,"height":78,"x":1668,"y":993,"pixelRatio":3,"sdf":false},"icon-conference-terminal-1":{"width":63,"height":51,"x":1818,"y":831,"pixelRatio":3,"sdf":false},"icon-conference-terminal-1-fault":{"width":72,"height":54,"x":1746,"y":69,"pixelRatio":3,"sdf":false},"icon-conference-terminal-1-forbidden":{"width":72,"height":54,"x":1746,"y":123,"pixelRatio":3,"sdf":false},"icon-conference-terminal-1-off-line":{"width":72,"height":54,"x":717,"y":1602,"pixelRatio":3,"sdf":false},"icon-conference-terminal-1-online":{"width":72,"height":54,"x":1746,"y":1026,"pixelRatio":3,"sdf":false},"icon-conference-terminal-1-proposed":{"width":72,"height":54,"x":1746,"y":903,"pixelRatio":3,"sdf":false},"icon-decoder-1":{"width":84,"height":45,"x":360,"y":1113,"pixelRatio":3,"sdf":false},"icon-decoder-1-fault":{"width":87,"height":45,"x":522,"y":483,"pixelRatio":3,"sdf":false},"icon-decoder-1-forbidden":{"width":84,"height":45,"x":192,"y":1113,"pixelRatio":3,"sdf":false},"icon-decoder-1-off-line":{"width":84,"height":45,"x":276,"y":1113,"pixelRatio":3,"sdf":false},"icon-decoder-1-online":{"width":87,"height":45,"x":276,"y":270,"pixelRatio":3,"sdf":false},"icon-decoder-1-proposed":{"width":84,"height":45,"x":108,"y":1113,"pixelRatio":3,"sdf":false},"icon-dragon-suction-truck-1":{"width":78,"height":39,"x":1668,"y":582,"pixelRatio":3,"sdf":false},"icon-dragon-suction-truck-1-overlook":{"width":33,"height":81,"x":1422,"y":1176,"pixelRatio":3,"sdf":false},"icon-drone-2":{"width":102,"height":60,"x":153,"y":738,"pixelRatio":3,"sdf":false},"icon-drone-2-fault":{"width":102,"height":60,"x":405,"y":825,"pixelRatio":3,"sdf":false},"icon-drone-2-forbidden":{"width":102,"height":60,"x":1071,"y":996,"pixelRatio":3,"sdf":false},"icon-drone-2-off-line":{"width":105,"height":60,"x":1071,"y":756,"pixelRatio":3,"sdf":false},"icon-drone-2-online":{"width":105,"height":60,"x":1071,"y":876,"pixelRatio":3,"sdf":false},"icon-drone-2-proposed":{"width":105,"height":60,"x":1071,"y":378,"pixelRatio":3,"sdf":false},"icon-drone-w-1":{"width":93,"height":48,"x":465,"y":1158,"pixelRatio":3,"sdf":false},"icon-drone-w-1-fault":{"width":93,"height":51,"x":372,"y":1158,"pixelRatio":3,"sdf":false},"icon-drone-w-1-forbidden":{"width":93,"height":51,"x":279,"y":1158,"pixelRatio":3,"sdf":false},"icon-drone-w-1-off-line":{"width":93,"height":51,"x":186,"y":1158,"pixelRatio":3,"sdf":false},"icon-drone-w-1-online":{"width":93,"height":51,"x":93,"y":1158,"pixelRatio":3,"sdf":false},"icon-drone-w-1-proposed":{"width":93,"height":51,"x":0,"y":1158,"pixelRatio":3,"sdf":false},"icon-drone-w-3":{"width":105,"height":60,"x":1071,"y":696,"pixelRatio":3,"sdf":false},"icon-drone-w-3-fault":{"width":105,"height":60,"x":1071,"y":936,"pixelRatio":3,"sdf":false},"icon-drone-w-3-forbidden":{"width":105,"height":60,"x":1071,"y":816,"pixelRatio":3,"sdf":false},"icon-drone-w-3-off-line":{"width":102,"height":60,"x":357,"y":738,"pixelRatio":3,"sdf":false},"icon-drone-w-3-online":{"width":102,"height":60,"x":771,"y":663,"pixelRatio":3,"sdf":false},"icon-drone-w-3-proposed":{"width":102,"height":60,"x":255,"y":738,"pixelRatio":3,"sdf":false},"icon-elecpolice-1":{"width":153,"height":87,"x":0,"y":738,"pixelRatio":3,"sdf":false},"icon-elecpolice-1-fault":{"width":156,"height":96,"x":468,"y":546,"pixelRatio":3,"sdf":false},"icon-elecpolice-1-forbidden":{"width":156,"height":96,"x":312,"y":546,"pixelRatio":3,"sdf":false},"icon-elecpolice-1-off-line":{"width":156,"height":96,"x":771,"y":0,"pixelRatio":3,"sdf":false},"icon-elecpolice-1-online":{"width":156,"height":96,"x":0,"y":546,"pixelRatio":3,"sdf":false},"icon-elecpolice-1-proposed":{"width":156,"height":96,"x":156,"y":546,"pixelRatio":3,"sdf":false},"icon-electrocar-1":{"width":75,"height":51,"x":1668,"y":1536,"pixelRatio":3,"sdf":false},"icon-electrocar-overlook":{"width":36,"height":81,"x":1494,"y":126,"pixelRatio":3,"sdf":false},"icon-encoder-1":{"width":78,"height":36,"x":1668,"y":507,"pixelRatio":3,"sdf":false},"icon-encoder-1-fault":{"width":81,"height":45,"x":1455,"y":246,"pixelRatio":3,"sdf":false},"icon-encoder-1-forbidden":{"width":81,"height":45,"x":1455,"y":291,"pixelRatio":3,"sdf":false},"icon-encoder-1-off-line":{"width":81,"height":45,"x":1455,"y":336,"pixelRatio":3,"sdf":false},"icon-encoder-1-online":{"width":81,"height":45,"x":1455,"y":381,"pixelRatio":3,"sdf":false},"icon-encoder-1-proposed":{"width":78,"height":45,"x":1668,"y":462,"pixelRatio":3,"sdf":false},"icon-end":{"width":39,"height":57,"x":1203,"y":471,"pixelRatio":3,"sdf":false},"icon-equipment-1":{"width":78,"height":39,"x":1668,"y":423,"pixelRatio":3,"sdf":false},"icon-equipment-1-fault":{"width":81,"height":45,"x":1455,"y":534,"pixelRatio":3,"sdf":false},"icon-equipment-1-forbidden":{"width":81,"height":48,"x":1455,"y":579,"pixelRatio":3,"sdf":false},"icon-equipment-1-off-line":{"width":81,"height":45,"x":1455,"y":627,"pixelRatio":3,"sdf":false},"icon-equipment-1-online":{"width":81,"height":48,"x":1455,"y":672,"pixelRatio":3,"sdf":false},"icon-equipment-1-proposed":{"width":81,"height":48,"x":1455,"y":720,"pixelRatio":3,"sdf":false},"icon-fire-engine-1":{"width":78,"height":33,"x":1668,"y":390,"pixelRatio":3,"sdf":false},"icon-fire-engine-1-overlook":{"width":36,"height":81,"x":1455,"y":813,"pixelRatio":3,"sdf":false},"icon-fireman-1":{"width":72,"height":78,"x":1668,"y":78,"pixelRatio":3,"sdf":false},"icon-fixed-monitoring-1":{"width":150,"height":96,"x":153,"y":825,"pixelRatio":3,"sdf":false},"icon-fixed-monitoring-1-fault":{"width":153,"height":96,"x":0,"y":825,"pixelRatio":3,"sdf":false},"icon-fixed-monitoring-1-forbidden":{"width":153,"height":96,"x":771,"y":288,"pixelRatio":3,"sdf":false},"icon-fixed-monitoring-1-off-line":{"width":153,"height":96,"x":771,"y":192,"pixelRatio":3,"sdf":false},"icon-fixed-monitoring-1-online":{"width":153,"height":96,"x":771,"y":384,"pixelRatio":3,"sdf":false},"icon-fixed-monitoring-1-proposed":{"width":153,"height":96,"x":771,"y":480,"pixelRatio":3,"sdf":false},"icon-gunlock-1":{"width":159,"height":123,"x":174,"y":360,"pixelRatio":3,"sdf":false},"icon-gunlock-1-fault":{"width":159,"height":123,"x":612,"y":246,"pixelRatio":3,"sdf":false},"icon-gunlock-1-forbidden":{"width":159,"height":123,"x":612,"y":123,"pixelRatio":3,"sdf":false},"icon-gunlock-1-off-line":{"width":159,"height":123,"x":612,"y":0,"pixelRatio":3,"sdf":false},"icon-gunlock-1-online":{"width":159,"height":123,"x":612,"y":369,"pixelRatio":3,"sdf":false},"icon-gunlock-1-proposed":{"width":159,"height":123,"x":333,"y":360,"pixelRatio":3,"sdf":false},"icon-heavy-platform-1":{"width":72,"height":75,"x":0,"y":1602,"pixelRatio":3,"sdf":false},"icon-heavy-platform-1-fault":{"width":75,"height":75,"x":72,"y":1602,"pixelRatio":3,"sdf":false},"icon-heavy-platform-1-forbidden":{"width":75,"height":75,"x":147,"y":1602,"pixelRatio":3,"sdf":false},"icon-heavy-platform-1-off-line":{"width":78,"height":75,"x":78,"y":1527,"pixelRatio":3,"sdf":false},"icon-heavy-platform-1-online":{"width":78,"height":75,"x":0,"y":1527,"pixelRatio":3,"sdf":false},"icon-heavy-platform-1-proposed":{"width":78,"height":75,"x":630,"y":1446,"pixelRatio":3,"sdf":false},"icon-hemispherical-machine-1":{"width":78,"height":75,"x":552,"y":1446,"pixelRatio":3,"sdf":false},"icon-hemispherical-machine-1-fault":{"width":78,"height":75,"x":162,"y":1446,"pixelRatio":3,"sdf":false},"icon-hemispherical-machine-1-forbidden":{"width":78,"height":75,"x":240,"y":1446,"pixelRatio":3,"sdf":false},"icon-hemispherical-machine-1-off-line":{"width":78,"height":75,"x":318,"y":1446,"pixelRatio":3,"sdf":false},"icon-hemispherical-machine-1-online":{"width":78,"height":75,"x":396,"y":1446,"pixelRatio":3,"sdf":false},"icon-hemispherical-machine-1-proposed":{"width":78,"height":75,"x":474,"y":1446,"pixelRatio":3,"sdf":false},"icon-high-ball-machine-1":{"width":60,"height":78,"x":1257,"y":819,"pixelRatio":3,"sdf":false},"icon-high-ball-machine-1-fault":{"width":60,"height":78,"x":1257,"y":897,"pixelRatio":3,"sdf":false},"icon-high-ball-machine-1-forbidden":{"width":60,"height":78,"x":1257,"y":975,"pixelRatio":3,"sdf":false},"icon-high-ball-machine-1-off-line":{"width":63,"height":78,"x":1536,"y":0,"pixelRatio":3,"sdf":false},"icon-high-ball-machine-1-online":{"width":63,"height":78,"x":1536,"y":78,"pixelRatio":3,"sdf":false},"icon-high-ball-machine-1-proposed":{"width":63,"height":78,"x":1536,"y":156,"pixelRatio":3,"sdf":false},"icon-interest-point":{"width":81,"height":81,"x":81,"y":1446,"pixelRatio":3,"sdf":false},"icon-intersection":{"width":81,"height":81,"x":0,"y":1446,"pixelRatio":3,"sdf":false},"icon-key-personnel-1":{"width":69,"height":78,"x":1599,"y":0,"pixelRatio":3,"sdf":false},"icon-location":{"width":66,"height":75,"x":651,"y":1602,"pixelRatio":3,"sdf":false},"icon-logic-sensor-1":{"width":78,"height":60,"x":708,"y":1446,"pixelRatio":3,"sdf":false},"icon-logic-sensor-1-fault":{"width":78,"height":60,"x":786,"y":1446,"pixelRatio":3,"sdf":false},"icon-logic-sensor-1-forbidden":{"width":78,"height":57,"x":162,"y":1365,"pixelRatio":3,"sdf":false},"icon-logic-sensor-1-off-line":{"width":78,"height":60,"x":864,"y":1446,"pixelRatio":3,"sdf":false},"icon-logic-sensor-1-online":{"width":78,"height":57,"x":240,"y":1365,"pixelRatio":3,"sdf":false},"icon-logic-sensor-1-proposed":{"width":78,"height":57,"x":318,"y":1365,"pixelRatio":3,"sdf":false},"icon-microwave-1":{"width":69,"height":69,"x":1746,"y":1401,"pixelRatio":3,"sdf":false},"icon-mobile":{"width":42,"height":72,"x":1746,"y":1080,"pixelRatio":3,"sdf":false},"icon-mobile-1":{"width":45,"height":75,"x":1701,"y":621,"pixelRatio":3,"sdf":false},"icon-mobile-1-fault":{"width":60,"height":75,"x":1599,"y":1011,"pixelRatio":3,"sdf":false},"icon-mobile-1-forbidden":{"width":60,"height":75,"x":1599,"y":1086,"pixelRatio":3,"sdf":false},"icon-mobile-1-off-line":{"width":60,"height":75,"x":1599,"y":1236,"pixelRatio":3,"sdf":false},"icon-mobile-1-online":{"width":60,"height":75,"x":1599,"y":1311,"pixelRatio":3,"sdf":false},"icon-mobile-1-proposed":{"width":60,"height":72,"x":1536,"y":1338,"pixelRatio":3,"sdf":false},"icon-mobile-2":{"width":42,"height":72,"x":1536,"y":1266,"pixelRatio":3,"sdf":false},"icon-mobile-2-fault":{"width":60,"height":72,"x":1536,"y":1194,"pixelRatio":3,"sdf":false},"icon-mobile-2-forbidden":{"width":60,"height":72,"x":1536,"y":1122,"pixelRatio":3,"sdf":false},"icon-mobile-2-off-line":{"width":60,"height":72,"x":1536,"y":1050,"pixelRatio":3,"sdf":false},"icon-mobile-2-online":{"width":57,"height":72,"x":1536,"y":978,"pixelRatio":3,"sdf":false},"icon-mobile-2-proposed":{"width":60,"height":75,"x":1668,"y":1461,"pixelRatio":3,"sdf":false},"icon-mobile-fault":{"width":60,"height":72,"x":1536,"y":906,"pixelRatio":3,"sdf":false},"icon-mobile-forbidden":{"width":57,"height":72,"x":1536,"y":834,"pixelRatio":3,"sdf":false},"icon-mobile-off-line":{"width":60,"height":72,"x":1746,"y":177,"pixelRatio":3,"sdf":false},"icon-mobile-online":{"width":57,"height":72,"x":1746,"y":249,"pixelRatio":3,"sdf":false},"icon-mobile-policing-1":{"width":42,"height":72,"x":1746,"y":321,"pixelRatio":3,"sdf":false},"icon-mobile-policing-1-fault":{"width":60,"height":72,"x":1746,"y":393,"pixelRatio":3,"sdf":false},"icon-mobile-policing-1-forbidden":{"width":60,"height":72,"x":1746,"y":465,"pixelRatio":3,"sdf":false},"icon-mobile-policing-1-off-line":{"width":60,"height":72,"x":1746,"y":537,"pixelRatio":3,"sdf":false},"icon-mobile-policing-1-online":{"width":60,"height":72,"x":1746,"y":687,"pixelRatio":3,"sdf":false},"icon-mobile-policing-1-proposed":{"width":60,"height":75,"x":1599,"y":1161,"pixelRatio":3,"sdf":false},"icon-mobile-proposed":{"width":57,"height":72,"x":1746,"y":831,"pixelRatio":3,"sdf":false},"icon-motorbike-1":{"width":81,"height":45,"x":1053,"y":1158,"pixelRatio":3,"sdf":false},"icon-motorbike-overlook":{"width":45,"height":81,"x":1317,"y":1146,"pixelRatio":3,"sdf":false},"icon-net-police-officer-1":{"width":66,"height":78,"x":1599,"y":702,"pixelRatio":3,"sdf":false},"icon-ordinary-alert-1":{"width":60,"height":69,"x":1746,"y":1650,"pixelRatio":3,"sdf":false},"icon-ordinary-bayonet-1":{"width":78,"height":48,"x":708,"y":1365,"pixelRatio":3,"sdf":false},"icon-ordinary-bayonet-1-fault":{"width":78,"height":54,"x":942,"y":1446,"pixelRatio":3,"sdf":false},"icon-ordinary-bayonet-1-forbidden":{"width":78,"height":54,"x":1020,"y":1446,"pixelRatio":3,"sdf":false},"icon-ordinary-bayonet-1-off-line":{"width":81,"height":54,"x":735,"y":1299,"pixelRatio":3,"sdf":false},"icon-ordinary-bayonet-1-online":{"width":81,"height":54,"x":654,"y":1299,"pixelRatio":3,"sdf":false},"icon-ordinary-bayonet-1-proposed":{"width":81,"height":54,"x":573,"y":1299,"pixelRatio":3,"sdf":false},"icon-parking-lot":{"width":78,"height":78,"x":1668,"y":0,"pixelRatio":3,"sdf":false},"icon-patrol-car-1":{"width":81,"height":45,"x":1455,"y":894,"pixelRatio":3,"sdf":false},"icon-patrol-car-overlook":{"width":48,"height":78,"x":1668,"y":156,"pixelRatio":3,"sdf":false},"icon-patrol-special-police-1":{"width":69,"height":78,"x":1668,"y":234,"pixelRatio":3,"sdf":false},"icon-personnel-awaiting-arrest-1":{"width":75,"height":78,"x":1668,"y":312,"pixelRatio":3,"sdf":false},"icon-personnel-bayonet-1":{"width":84,"height":66,"x":687,"y":1209,"pixelRatio":3,"sdf":false},"icon-personnel-bayonet-1-fault":{"width":84,"height":66,"x":603,"y":1209,"pixelRatio":3,"sdf":false},"icon-personnel-bayonet-1-forbidden":{"width":84,"height":66,"x":519,"y":1209,"pixelRatio":3,"sdf":false},"icon-personnel-bayonet-1-off-line":{"width":87,"height":66,"x":432,"y":1209,"pixelRatio":3,"sdf":false},"icon-personnel-bayonet-1-online":{"width":87,"height":66,"x":258,"y":1209,"pixelRatio":3,"sdf":false},"icon-personnel-bayonet-1-proposed":{"width":87,"height":66,"x":345,"y":1209,"pixelRatio":3,"sdf":false},"icon-point-position-1":{"width":153,"height":87,"x":771,"y":576,"pixelRatio":3,"sdf":false},"icon-point-position-1-fault":{"width":156,"height":96,"x":468,"y":642,"pixelRatio":3,"sdf":false},"icon-point-position-1-forbidden":{"width":156,"height":96,"x":771,"y":96,"pixelRatio":3,"sdf":false},"icon-point-position-1-off-line":{"width":156,"height":96,"x":312,"y":642,"pixelRatio":3,"sdf":false},"icon-point-position-1-online":{"width":156,"height":96,"x":156,"y":642,"pixelRatio":3,"sdf":false},"icon-point-position-1-proposed":{"width":156,"height":96,"x":0,"y":642,"pixelRatio":3,"sdf":false},"icon-police-boat-1":{"width":81,"height":36,"x":1455,"y":1389,"pixelRatio":3,"sdf":false},"icon-police-boat-overlook":{"width":30,"height":81,"x":1491,"y":813,"pixelRatio":3,"sdf":false},"icon-police-electrocar-1":{"width":96,"height":78,"x":966,"y":921,"pixelRatio":3,"sdf":false},"icon-police-electrocar-overlook":{"width":54,"height":96,"x":558,"y":135,"pixelRatio":3,"sdf":false},"icon-police-motorbike-1":{"width":102,"height":78,"x":624,"y":642,"pixelRatio":3,"sdf":false},"icon-police-motorbike-overlook":{"width":60,"height":93,"x":1257,"y":0,"pixelRatio":3,"sdf":false},"icon-police-vehicle-1":{"width":105,"height":60,"x":1071,"y":636,"pixelRatio":3,"sdf":false},"icon-police-vehicle-1-fault":{"width":102,"height":66,"x":624,"y":546,"pixelRatio":3,"sdf":false},"icon-police-vehicle-1-forbidden":{"width":102,"height":66,"x":492,"y":360,"pixelRatio":3,"sdf":false},"icon-police-vehicle-1-off-line":{"width":105,"height":66,"x":1071,"y":570,"pixelRatio":3,"sdf":false},"icon-police-vehicle-1-online":{"width":105,"height":66,"x":1071,"y":504,"pixelRatio":3,"sdf":false},"icon-police-vehicle-1-proposed":{"width":105,"height":66,"x":1071,"y":438,"pixelRatio":3,"sdf":false},"icon-police-vehicle-overlook":{"width":39,"height":81,"x":1455,"y":126,"pixelRatio":3,"sdf":false},"icon-police-vehicle2":{"width":81,"height":45,"x":1455,"y":81,"pixelRatio":3,"sdf":false},"icon-policeman-1":{"width":66,"height":78,"x":1599,"y":858,"pixelRatio":3,"sdf":false},"icon-road":{"width":81,"height":81,"x":1455,"y":0,"pixelRatio":3,"sdf":false},"icon-road-section":{"width":45,"height":54,"x":1938,"y":1335,"pixelRatio":3,"sdf":false},"icon-school-bus-1":{"width":81,"height":45,"x":972,"y":1158,"pixelRatio":3,"sdf":false},"icon-school-bus-overlook":{"width":36,"height":84,"x":1383,"y":522,"pixelRatio":3,"sdf":false},"icon-signalling-machine-1":{"width":93,"height":24,"x":153,"y":798,"pixelRatio":3,"sdf":false},"icon-signalling-machine-1-fault":{"width":93,"height":30,"x":966,"y":999,"pixelRatio":3,"sdf":false},"icon-signalling-machine-1-forbidden":{"width":93,"height":30,"x":624,"y":612,"pixelRatio":3,"sdf":false},"icon-signalling-machine-1-off-line":{"width":93,"height":30,"x":786,"y":825,"pixelRatio":3,"sdf":false},"icon-signalling-machine-1-online":{"width":93,"height":30,"x":693,"y":825,"pixelRatio":3,"sdf":false},"icon-signalling-machine-1-proposed":{"width":93,"height":33,"x":753,"y":738,"pixelRatio":3,"sdf":false},"icon-signalling-machine-2":{"width":81,"height":30,"x":846,"y":738,"pixelRatio":3,"sdf":false},"icon-signalling-machine-2-fault":{"width":81,"height":42,"x":525,"y":1113,"pixelRatio":3,"sdf":false},"icon-signalling-machine-2-forbidden":{"width":78,"height":42,"x":1206,"y":1299,"pixelRatio":3,"sdf":false},"icon-signalling-machine-2-off-line":{"width":81,"height":42,"x":444,"y":1113,"pixelRatio":3,"sdf":false},"icon-signalling-machine-2-online":{"width":78,"height":42,"x":1128,"y":1299,"pixelRatio":3,"sdf":false},"icon-signalling-machine-2-proposed":{"width":81,"height":39,"x":999,"y":1065,"pixelRatio":3,"sdf":false},"icon-site-enforcement-recorder-1":{"width":45,"height":81,"x":1317,"y":660,"pixelRatio":3,"sdf":false},"icon-site-enforcement-recorder-1-fault":{"width":57,"height":81,"x":1317,"y":579,"pixelRatio":3,"sdf":false},"icon-site-enforcement-recorder-1-forbidden":{"width":57,"height":81,"x":1317,"y":498,"pixelRatio":3,"sdf":false},"icon-site-enforcement-recorder-1-off-line":{"width":57,"height":81,"x":1317,"y":417,"pixelRatio":3,"sdf":false},"icon-site-enforcement-recorder-1-online":{"width":57,"height":81,"x":1317,"y":336,"pixelRatio":3,"sdf":false},"icon-site-enforcement-recorder-1-proposed":{"width":57,"height":81,"x":1317,"y":255,"pixelRatio":3,"sdf":false},"icon-site-enforcement-recorder-w-1":{"width":45,"height":78,"x":1599,"y":624,"pixelRatio":3,"sdf":false},"icon-site-enforcement-recorder-w-1-fault":{"width":57,"height":78,"x":1599,"y":546,"pixelRatio":3,"sdf":false},"icon-site-enforcement-recorder-w-1-forbidden":{"width":57,"height":78,"x":1599,"y":468,"pixelRatio":3,"sdf":false},"icon-site-enforcement-recorder-w-1-off-line":{"width":57,"height":78,"x":1599,"y":390,"pixelRatio":3,"sdf":false},"icon-site-enforcement-recorder-w-1-online":{"width":57,"height":78,"x":1599,"y":312,"pixelRatio":3,"sdf":false},"icon-site-enforcement-recorder-w-1-proposed":{"width":57,"height":78,"x":1599,"y":234,"pixelRatio":3,"sdf":false},"icon-slag-car-1":{"width":78,"height":51,"x":630,"y":1365,"pixelRatio":3,"sdf":false},"icon-slag-car-overlook":{"width":36,"height":81,"x":1317,"y":174,"pixelRatio":3,"sdf":false},"icon-speed-dome-cameras-1":{"width":66,"height":87,"x":1383,"y":174,"pixelRatio":3,"sdf":false},"icon-speed-dome-cameras-1-fault":{"width":72,"height":87,"x":1383,"y":261,"pixelRatio":3,"sdf":false},"icon-speed-dome-cameras-1-forbidden":{"width":72,"height":87,"x":1383,"y":348,"pixelRatio":3,"sdf":false},"icon-speed-dome-cameras-1-off-line":{"width":72,"height":87,"x":1383,"y":87,"pixelRatio":3,"sdf":false},"icon-speed-dome-cameras-1-online":{"width":72,"height":87,"x":1383,"y":435,"pixelRatio":3,"sdf":false},"icon-speed-dome-cameras-1-proposed":{"width":72,"height":87,"x":1383,"y":0,"pixelRatio":3,"sdf":false},"icon-superbayonet-1":{"width":78,"height":45,"x":1050,"y":1299,"pixelRatio":3,"sdf":false},"icon-superbayonet-1-fault":{"width":81,"height":48,"x":1455,"y":987,"pixelRatio":3,"sdf":false},"icon-superbayonet-1-forbidden":{"width":81,"height":48,"x":810,"y":1158,"pixelRatio":3,"sdf":false},"icon-superbayonet-1-off-line":{"width":81,"height":48,"x":729,"y":1158,"pixelRatio":3,"sdf":false},"icon-superbayonet-1-online":{"width":81,"height":48,"x":1455,"y":1122,"pixelRatio":3,"sdf":false},"icon-superbayonet-1-proposed":{"width":81,"height":48,"x":1455,"y":1074,"pixelRatio":3,"sdf":false},"icon-tachograph":{"width":132,"height":114,"x":702,"y":921,"pixelRatio":3,"sdf":false},"icon-tachograph-fault":{"width":138,"height":120,"x":426,"y":921,"pixelRatio":3,"sdf":false},"icon-tachograph-forbidden":{"width":141,"height":120,"x":144,"y":921,"pixelRatio":3,"sdf":false},"icon-tachograph-off-line":{"width":141,"height":120,"x":927,"y":798,"pixelRatio":3,"sdf":false},"icon-tachograph-online":{"width":141,"height":120,"x":285,"y":921,"pixelRatio":3,"sdf":false},"icon-tachograph-proposed":{"width":138,"height":120,"x":564,"y":921,"pixelRatio":3,"sdf":false},"icon-tarting-point":{"width":39,"height":57,"x":1203,"y":243,"pixelRatio":3,"sdf":false},"icon-taxi-1":{"width":81,"height":33,"x":1080,"y":1065,"pixelRatio":3,"sdf":false},"icon-taxi-overlook":{"width":39,"height":81,"x":1317,"y":903,"pixelRatio":3,"sdf":false},"icon-telephone-1":{"width":54,"height":57,"x":1203,"y":357,"pixelRatio":3,"sdf":false},"icon-telephone-1-fault":{"width":66,"height":57,"x":330,"y":1743,"pixelRatio":3,"sdf":false},"icon-telephone-1-forbidden":{"width":66,"height":57,"x":1818,"y":0,"pixelRatio":3,"sdf":false},"icon-telephone-1-off-line":{"width":69,"height":57,"x":1746,"y":1218,"pixelRatio":3,"sdf":false},"icon-telephone-1-online":{"width":69,"height":57,"x":1746,"y":1275,"pixelRatio":3,"sdf":false},"icon-telephone-1-proposed":{"width":69,"height":57,"x":1746,"y":1470,"pixelRatio":3,"sdf":false},"icon-traffic-warden-1":{"width":66,"height":78,"x":1599,"y":156,"pixelRatio":3,"sdf":false},"icon-train-1":{"width":78,"height":27,"x":606,"y":1113,"pixelRatio":3,"sdf":false},"icon-trucks-1":{"width":78,"height":45,"x":1173,"y":1209,"pixelRatio":3,"sdf":false},"icon-trucks-overlook":{"width":39,"height":81,"x":1317,"y":822,"pixelRatio":3,"sdf":false},"icon-vehicle-mounted-nvr-1":{"width":66,"height":63,"x":66,"y":1743,"pixelRatio":3,"sdf":false},"icon-vehicle-mounted-nvr-1-fault":{"width":69,"height":66,"x":1599,"y":1461,"pixelRatio":3,"sdf":false},"icon-vehicle-mounted-nvr-1-forbidden":{"width":72,"height":66,"x":0,"y":1677,"pixelRatio":3,"sdf":false},"icon-vehicle-mounted-nvr-1-off-line":{"width":69,"height":66,"x":144,"y":1677,"pixelRatio":3,"sdf":false},"icon-vehicle-mounted-nvr-1-online":{"width":72,"height":66,"x":72,"y":1677,"pixelRatio":3,"sdf":false},"icon-vehicle-mounted-nvr-1-proposedposed":{"width":69,"height":66,"x":1746,"y":1152,"pixelRatio":3,"sdf":false},"icon-video-conferencing-terminal-1":{"width":78,"height":54,"x":552,"y":1365,"pixelRatio":3,"sdf":false},"icon-video-conferencing-terminal-1-fault":{"width":78,"height":54,"x":474,"y":1365,"pixelRatio":3,"sdf":false},"icon-video-conferencing-terminal-1-forbidden":{"width":78,"height":54,"x":396,"y":1365,"pixelRatio":3,"sdf":false},"icon-video-conferencing-terminal-1-off-line":{"width":81,"height":54,"x":492,"y":1299,"pixelRatio":3,"sdf":false},"icon-video-conferencing-terminal-1-online":{"width":81,"height":54,"x":411,"y":1299,"pixelRatio":3,"sdf":false},"icon-video-conferencing-terminal-1-proposed":{"width":81,"height":54,"x":330,"y":1299,"pixelRatio":3,"sdf":false},"icon-video-conferencing-terminal-w-1":{"width":81,"height":57,"x":249,"y":1299,"pixelRatio":3,"sdf":false},"icon-video-conferencing-terminal-w-1-fault":{"width":81,"height":57,"x":81,"y":1365,"pixelRatio":3,"sdf":false},"icon-video-conferencing-terminal-w-1-forbidden":{"width":81,"height":57,"x":168,"y":1299,"pixelRatio":3,"sdf":false},"icon-video-conferencing-terminal-w-1-off-line":{"width":81,"height":57,"x":1455,"y":1284,"pixelRatio":3,"sdf":false},"icon-video-conferencing-terminal-w-1-online":{"width":81,"height":57,"x":1455,"y":1227,"pixelRatio":3,"sdf":false},"icon-video-conferencing-terminal-w-1-proposed":{"width":81,"height":57,"x":1455,"y":1170,"pixelRatio":3,"sdf":false},"icon-view-sensor-1":{"width":69,"height":75,"x":582,"y":1602,"pixelRatio":3,"sdf":false},"icon-view-sensor-1-fault":{"width":72,"height":75,"x":510,"y":1602,"pixelRatio":3,"sdf":false},"icon-view-sensor-1-forbidden":{"width":72,"height":75,"x":438,"y":1602,"pixelRatio":3,"sdf":false},"icon-view-sensor-1-off-line":{"width":72,"height":75,"x":366,"y":1602,"pixelRatio":3,"sdf":false},"icon-view-sensor-1-online":{"width":72,"height":75,"x":294,"y":1602,"pixelRatio":3,"sdf":false},"icon-view-sensor-1-proposed":{"width":72,"height":75,"x":222,"y":1602,"pixelRatio":3,"sdf":false},"icon-walkie-talkie-1":{"width":39,"height":93,"x":1203,"y":93,"pixelRatio":3,"sdf":false},"icon-walkie-talkie-1-fault":{"width":54,"height":93,"x":1203,"y":0,"pixelRatio":3,"sdf":false},"icon-walkie-talkie-1-forbidden":{"width":54,"height":93,"x":0,"y":1065,"pixelRatio":3,"sdf":false},"icon-walkie-talkie-1-off-line":{"width":54,"height":93,"x":1257,"y":186,"pixelRatio":3,"sdf":false},"icon-walkie-talkie-1-online":{"width":54,"height":93,"x":1257,"y":93,"pixelRatio":3,"sdf":false},"icon-walkie-talkie-1-proposed":{"width":54,"height":93,"x":54,"y":1065,"pixelRatio":3,"sdf":false},"icon-walkie-talkie-w-1":{"width":36,"height":90,"x":1257,"y":459,"pixelRatio":3,"sdf":false},"icon-walkie-talkie-w-1-fault":{"width":54,"height":90,"x":1257,"y":279,"pixelRatio":3,"sdf":false},"icon-walkie-talkie-w-1-forbidden":{"width":54,"height":90,"x":1257,"y":549,"pixelRatio":3,"sdf":false},"icon-walkie-talkie-w-1-off-line":{"width":54,"height":90,"x":1257,"y":639,"pixelRatio":3,"sdf":false},"icon-walkie-talkie-w-1-online":{"width":54,"height":90,"x":1257,"y":729,"pixelRatio":3,"sdf":false},"icon-walkie-talkie-w-1-proposed":{"width":54,"height":90,"x":1257,"y":369,"pixelRatio":3,"sdf":false},"icon-web-camera-1":{"width":78,"height":45,"x":1095,"y":1209,"pixelRatio":3,"sdf":false},"icon-web-camera-1-fault":{"width":78,"height":48,"x":972,"y":1299,"pixelRatio":3,"sdf":false},"icon-web-camera-1-forbidden":{"width":78,"height":48,"x":894,"y":1299,"pixelRatio":3,"sdf":false},"icon-web-camera-1-off-line":{"width":81,"height":48,"x":891,"y":1158,"pixelRatio":3,"sdf":false},"icon-web-camera-1-online":{"width":81,"height":48,"x":648,"y":1158,"pixelRatio":3,"sdf":false},"icon-web-camera-1-proposed":{"width":81,"height":48,"x":1455,"y":939,"pixelRatio":3,"sdf":false},"icon-wrecker-1":{"width":81,"height":45,"x":1455,"y":768,"pixelRatio":3,"sdf":false},"icon-wrecker-overlook":{"width":36,"height":78,"x":1599,"y":78,"pixelRatio":3,"sdf":false},"inner-poi-type-1-16":{"width":54,"height":54,"x":1938,"y":1281,"pixelRatio":3,"sdf":false},"inner-poi-type-2-16":{"width":54,"height":54,"x":1938,"y":1227,"pixelRatio":3,"sdf":false},"inner-poi-type-3-16":{"width":54,"height":54,"x":1938,"y":1173,"pixelRatio":3,"sdf":false},"inner-poi-type-4-16":{"width":54,"height":54,"x":1938,"y":1119,"pixelRatio":3,"sdf":false},"inner-poi-type-5-16":{"width":54,"height":54,"x":1938,"y":1065,"pixelRatio":3,"sdf":false},"inner-poi-type-6-16":{"width":54,"height":54,"x":1938,"y":849,"pixelRatio":3,"sdf":false},"inner-poi-type-7-16":{"width":54,"height":54,"x":1938,"y":795,"pixelRatio":3,"sdf":false},"inner-poi-type-8-16":{"width":54,"height":54,"x":1938,"y":741,"pixelRatio":3,"sdf":false},"landscape-15":{"width":45,"height":45,"x":450,"y":1980,"pixelRatio":3,"sdf":false},"library-15":{"width":45,"height":45,"x":1437,"y":1677,"pixelRatio":3,"sdf":false},"marker-15":{"width":30,"height":45,"x":1635,"y":78,"pixelRatio":3,"sdf":false},"marker-15-1":{"width":30,"height":45,"x":1716,"y":156,"pixelRatio":3,"sdf":false},"marker-15-2":{"width":45,"height":39,"x":564,"y":321,"pixelRatio":3,"sdf":false},"marker-15-3":{"width":45,"height":45,"x":1122,"y":1677,"pixelRatio":3,"sdf":false},"marker-15-4":{"width":45,"height":45,"x":1077,"y":1677,"pixelRatio":3,"sdf":false},"marker-15-5":{"width":45,"height":45,"x":1032,"y":1677,"pixelRatio":3,"sdf":false},"marker-15-6":{"width":30,"height":45,"x":1788,"y":1080,"pixelRatio":3,"sdf":false},"metro-0-110000-18":{"width":54,"height":54,"x":1938,"y":255,"pixelRatio":3,"sdf":false},"metro-0-120000-18":{"width":54,"height":54,"x":1566,"y":1872,"pixelRatio":3,"sdf":false},"metro-0-210100-18":{"width":54,"height":54,"x":1404,"y":1872,"pixelRatio":3,"sdf":false},"metro-0-210200-18":{"width":54,"height":54,"x":1350,"y":1872,"pixelRatio":3,"sdf":false},"metro-0-220100-18":{"width":54,"height":54,"x":1206,"y":1812,"pixelRatio":3,"sdf":false},"metro-0-230100-18":{"width":54,"height":54,"x":1152,"y":1812,"pixelRatio":3,"sdf":false},"metro-0-310000-18":{"width":54,"height":54,"x":1098,"y":1812,"pixelRatio":3,"sdf":false},"metro-0-320100-18":{"width":54,"height":54,"x":990,"y":1812,"pixelRatio":3,"sdf":false},"metro-0-320200-18":{"width":54,"height":54,"x":936,"y":1812,"pixelRatio":3,"sdf":false},"metro-0-320500-18":{"width":54,"height":54,"x":882,"y":1812,"pixelRatio":3,"sdf":false},"metro-0-330100-18":{"width":54,"height":54,"x":828,"y":1812,"pixelRatio":3,"sdf":false},"metro-0-330200-18":{"width":54,"height":54,"x":774,"y":1812,"pixelRatio":3,"sdf":false},"metro-0-340100-18":{"width":54,"height":54,"x":720,"y":1812,"pixelRatio":3,"sdf":false},"metro-0-350100-18":{"width":54,"height":54,"x":666,"y":1812,"pixelRatio":3,"sdf":false},"metro-0-360100-18":{"width":54,"height":54,"x":612,"y":1812,"pixelRatio":3,"sdf":false},"metro-0-370200-18":{"width":54,"height":54,"x":558,"y":1812,"pixelRatio":3,"sdf":false},"metro-0-410100-18":{"width":54,"height":54,"x":504,"y":1812,"pixelRatio":3,"sdf":false},"metro-0-420100-18":{"width":54,"height":54,"x":450,"y":1812,"pixelRatio":3,"sdf":false},"metro-0-430100-18":{"width":54,"height":54,"x":396,"y":1812,"pixelRatio":3,"sdf":false},"metro-0-440100-18":{"width":54,"height":54,"x":342,"y":1812,"pixelRatio":3,"sdf":false},"metro-0-440300-18":{"width":54,"height":54,"x":288,"y":1812,"pixelRatio":3,"sdf":false},"metro-0-440600-18":{"width":54,"height":54,"x":234,"y":1812,"pixelRatio":3,"sdf":false},"metro-0-441900-18":{"width":54,"height":54,"x":1758,"y":1743,"pixelRatio":3,"sdf":false},"metro-0-450100-18":{"width":54,"height":54,"x":1704,"y":1743,"pixelRatio":3,"sdf":false},"metro-0-500000-18":{"width":54,"height":54,"x":1650,"y":1743,"pixelRatio":3,"sdf":false},"metro-0-510100-18":{"width":54,"height":54,"x":1542,"y":1743,"pixelRatio":3,"sdf":false},"metro-0-530100-18":{"width":54,"height":54,"x":1488,"y":1743,"pixelRatio":3,"sdf":false},"metro-0-610100-18":{"width":54,"height":54,"x":1434,"y":1743,"pixelRatio":3,"sdf":false},"metro-0-810000-18":{"width":54,"height":54,"x":1380,"y":1743,"pixelRatio":3,"sdf":false},"metro-1-110000-18":{"width":54,"height":54,"x":1326,"y":1743,"pixelRatio":3,"sdf":false},"metro-1-120000-18":{"width":54,"height":54,"x":1218,"y":1743,"pixelRatio":3,"sdf":false},"metro-1-210100-18":{"width":54,"height":54,"x":1164,"y":1743,"pixelRatio":3,"sdf":false},"metro-1-210200-18":{"width":54,"height":54,"x":1110,"y":1743,"pixelRatio":3,"sdf":false},"metro-1-220100-18":{"width":54,"height":54,"x":1203,"y":639,"pixelRatio":3,"sdf":false},"metro-1-230100-18":{"width":54,"height":54,"x":1938,"y":309,"pixelRatio":3,"sdf":false},"metro-1-310000-18":{"width":54,"height":54,"x":1134,"y":1872,"pixelRatio":3,"sdf":false},"metro-1-320100-18":{"width":54,"height":54,"x":1203,"y":693,"pixelRatio":3,"sdf":false},"metro-1-320200-18":{"width":54,"height":54,"x":1203,"y":747,"pixelRatio":3,"sdf":false},"metro-1-320500-18":{"width":54,"height":54,"x":1203,"y":801,"pixelRatio":3,"sdf":false},"metro-1-330100-18":{"width":54,"height":54,"x":1203,"y":855,"pixelRatio":3,"sdf":false},"metro-1-330200-18":{"width":54,"height":54,"x":1203,"y":909,"pixelRatio":3,"sdf":false},"metro-1-340100-18":{"width":54,"height":54,"x":1203,"y":963,"pixelRatio":3,"sdf":false},"metro-1-350100-18":{"width":54,"height":54,"x":1203,"y":1017,"pixelRatio":3,"sdf":false},"metro-1-360100-18":{"width":54,"height":54,"x":1203,"y":1071,"pixelRatio":3,"sdf":false},"metro-1-370200-18":{"width":54,"height":54,"x":873,"y":663,"pixelRatio":3,"sdf":false},"metro-1-410100-18":{"width":54,"height":54,"x":1473,"y":1446,"pixelRatio":3,"sdf":false},"metro-1-420100-18":{"width":54,"height":54,"x":462,"y":1743,"pixelRatio":3,"sdf":false},"metro-1-430100-18":{"width":54,"height":54,"x":516,"y":1743,"pixelRatio":3,"sdf":false},"metro-1-440100-18":{"width":54,"height":54,"x":570,"y":1743,"pixelRatio":3,"sdf":false},"metro-1-440300-18":{"width":54,"height":54,"x":624,"y":1743,"pixelRatio":3,"sdf":false},"metro-1-440600-18":{"width":54,"height":54,"x":678,"y":1743,"pixelRatio":3,"sdf":false},"metro-1-441900-18":{"width":54,"height":54,"x":732,"y":1743,"pixelRatio":3,"sdf":false},"metro-1-450100-18":{"width":54,"height":54,"x":786,"y":1743,"pixelRatio":3,"sdf":false},"metro-1-500000-18":{"width":54,"height":54,"x":840,"y":1743,"pixelRatio":3,"sdf":false},"metro-1-510100-18":{"width":54,"height":54,"x":894,"y":1743,"pixelRatio":3,"sdf":false},"metro-1-530100-18":{"width":54,"height":54,"x":948,"y":1743,"pixelRatio":3,"sdf":false},"metro-1-610100-18":{"width":54,"height":54,"x":1002,"y":1743,"pixelRatio":3,"sdf":false},"metro-1-810000-18":{"width":54,"height":54,"x":1056,"y":1743,"pixelRatio":3,"sdf":false},"metro-station":{"width":18,"height":18,"x":1920,"y":1836,"pixelRatio":3,"sdf":false},"metro-station-1":{"width":45,"height":45,"x":942,"y":1677,"pixelRatio":3,"sdf":false},"mileage-direction-0":{"width":144,"height":144,"x":927,"y":0,"pixelRatio":3,"sdf":false},"mileage-direction-1":{"width":144,"height":144,"x":0,"y":921,"pixelRatio":3,"sdf":false},"mileage-direction-2":{"width":144,"height":144,"x":927,"y":450,"pixelRatio":3,"sdf":false},"mountain":{"width":45,"height":48,"x":1992,"y":1770,"pixelRatio":3,"sdf":false},"museum-15":{"width":45,"height":45,"x":0,"y":1980,"pixelRatio":3,"sdf":false},"n-Provincial-15-3":{"width":63,"height":45,"x":1818,"y":936,"pixelRatio":3,"sdf":false},"n-Provincial-15-4":{"width":78,"height":45,"x":1134,"y":1158,"pixelRatio":3,"sdf":false},"n-Provincial-15-5":{"width":93,"height":45,"x":201,"y":1065,"pixelRatio":3,"sdf":false},"n-Provincial-15-6":{"width":108,"height":45,"x":1071,"y":243,"pixelRatio":3,"sdf":false},"n-county-15":{"width":87,"height":45,"x":276,"y":315,"pixelRatio":3,"sdf":false},"n-expressway-15-2":{"width":48,"height":45,"x":1992,"y":1725,"pixelRatio":3,"sdf":false},"n-expressway-15-3":{"width":63,"height":45,"x":1818,"y":1032,"pixelRatio":3,"sdf":false},"n-expressway-15-4":{"width":78,"height":45,"x":939,"y":1209,"pixelRatio":3,"sdf":false},"n-expressway-15-5":{"width":93,"height":45,"x":294,"y":1065,"pixelRatio":3,"sdf":false},"n-point-name-15-10":{"width":336,"height":45,"x":0,"y":90,"pixelRatio":3,"sdf":false},"n-point-name-15-11":{"width":366,"height":45,"x":0,"y":0,"pixelRatio":3,"sdf":false},"n-point-name-15-2":{"width":96,"height":45,"x":426,"y":483,"pixelRatio":3,"sdf":false},"n-point-name-15-3":{"width":126,"height":45,"x":1071,"y":108,"pixelRatio":3,"sdf":false},"n-point-name-15-4":{"width":156,"height":45,"x":612,"y":492,"pixelRatio":3,"sdf":false},"n-point-name-15-5":{"width":186,"height":45,"x":366,"y":231,"pixelRatio":3,"sdf":false},"n-point-name-15-6":{"width":216,"height":45,"x":366,"y":90,"pixelRatio":3,"sdf":false},"n-point-name-15-7":{"width":246,"height":45,"x":366,"y":0,"pixelRatio":3,"sdf":false},"n-point-name-15-8":{"width":276,"height":45,"x":0,"y":315,"pixelRatio":3,"sdf":false},"n-point-name-15-9":{"width":306,"height":45,"x":0,"y":180,"pixelRatio":3,"sdf":false},"n-state-15-3":{"width":63,"height":45,"x":1818,"y":387,"pixelRatio":3,"sdf":false},"n-state-15-4":{"width":78,"height":45,"x":1017,"y":1209,"pixelRatio":3,"sdf":false},"n-state-15-5":{"width":93,"height":45,"x":507,"y":825,"pixelRatio":3,"sdf":false},"n-state-15-6":{"width":108,"height":45,"x":1071,"y":198,"pixelRatio":3,"sdf":false},"n-vehicle":{"width":84,"height":42,"x":747,"y":1065,"pixelRatio":3,"sdf":false},"national-15-2":{"width":48,"height":48,"x":1992,"y":1677,"pixelRatio":3,"sdf":false},"national-15-3":{"width":63,"height":48,"x":1818,"y":675,"pixelRatio":3,"sdf":false},"national-15-4":{"width":78,"height":48,"x":816,"y":1299,"pixelRatio":3,"sdf":false},"national-15-5":{"width":93,"height":48,"x":108,"y":1065,"pixelRatio":3,"sdf":false},"park-15":{"width":45,"height":45,"x":135,"y":1980,"pixelRatio":3,"sdf":false},"pharmacy-15":{"width":45,"height":45,"x":360,"y":1980,"pixelRatio":3,"sdf":false},"poi_code_110101_16":{"width":54,"height":54,"x":1260,"y":1812,"pixelRatio":3,"sdf":false},"poi_code_110102_16":{"width":54,"height":54,"x":1314,"y":1812,"pixelRatio":3,"sdf":false},"poi_code_110103_16":{"width":54,"height":54,"x":1368,"y":1812,"pixelRatio":3,"sdf":false},"poi_code_110200_16":{"width":54,"height":54,"x":1422,"y":1812,"pixelRatio":3,"sdf":false},"poi_code_110301_16":{"width":54,"height":54,"x":1476,"y":1812,"pixelRatio":3,"sdf":false},"poi_code_110302_16":{"width":54,"height":54,"x":1530,"y":1812,"pixelRatio":3,"sdf":false},"poi_code_110303_16":{"width":54,"height":54,"x":1584,"y":1812,"pixelRatio":3,"sdf":false},"poi_code_110304_16":{"width":54,"height":54,"x":1638,"y":1812,"pixelRatio":3,"sdf":false},"poi_code_120101_16":{"width":54,"height":54,"x":1692,"y":1812,"pixelRatio":3,"sdf":false},"poi_code_120102_16":{"width":54,"height":54,"x":1746,"y":1812,"pixelRatio":3,"sdf":false},"poi_code_120103_16":{"width":54,"height":54,"x":1800,"y":1812,"pixelRatio":3,"sdf":false},"poi_code_120201_16":{"width":54,"height":54,"x":1884,"y":0,"pixelRatio":3,"sdf":false},"poi_code_130101_16":{"width":54,"height":54,"x":1884,"y":54,"pixelRatio":3,"sdf":false},"poi_code_130102_16":{"width":54,"height":54,"x":1884,"y":108,"pixelRatio":3,"sdf":false},"poi_code_130106_16":{"width":54,"height":54,"x":1884,"y":162,"pixelRatio":3,"sdf":false},"poi_code_130200_16":{"width":54,"height":54,"x":1884,"y":216,"pixelRatio":3,"sdf":false},"poi_code_130201_16":{"width":54,"height":54,"x":1884,"y":270,"pixelRatio":3,"sdf":false},"poi_code_130202_16":{"width":54,"height":54,"x":1884,"y":324,"pixelRatio":3,"sdf":false},"poi_code_130301_16":{"width":54,"height":54,"x":1884,"y":378,"pixelRatio":3,"sdf":false},"poi_code_130303_16":{"width":54,"height":54,"x":1884,"y":432,"pixelRatio":3,"sdf":false},"poi_code_130304_16":{"width":54,"height":54,"x":1884,"y":486,"pixelRatio":3,"sdf":false},"poi_code_130501_16":{"width":54,"height":54,"x":1884,"y":540,"pixelRatio":3,"sdf":false},"poi_code_130502_16":{"width":54,"height":54,"x":1884,"y":594,"pixelRatio":3,"sdf":false},"poi_code_150101_16":{"width":54,"height":54,"x":1884,"y":648,"pixelRatio":3,"sdf":false},"poi_code_150102_16":{"width":54,"height":54,"x":1884,"y":702,"pixelRatio":3,"sdf":false},"poi_code_160101_16":{"width":54,"height":54,"x":1884,"y":756,"pixelRatio":3,"sdf":false},"poi_code_160102_16":{"width":54,"height":54,"x":1884,"y":810,"pixelRatio":3,"sdf":false},"poi_code_160105_16":{"width":54,"height":54,"x":1884,"y":864,"pixelRatio":3,"sdf":false},"poi_code_160106_16":{"width":54,"height":54,"x":1884,"y":918,"pixelRatio":3,"sdf":false},"poi_code_160107_16":{"width":54,"height":54,"x":1884,"y":972,"pixelRatio":3,"sdf":false},"poi_code_160201_16":{"width":54,"height":54,"x":1884,"y":1026,"pixelRatio":3,"sdf":false},"poi_code_160202_16":{"width":54,"height":54,"x":1884,"y":1080,"pixelRatio":3,"sdf":false},"poi_code_160203_16":{"width":54,"height":54,"x":1884,"y":1134,"pixelRatio":3,"sdf":false},"poi_code_160205_16":{"width":54,"height":54,"x":1884,"y":1188,"pixelRatio":3,"sdf":false},"poi_code_160206_16":{"width":54,"height":54,"x":1884,"y":1242,"pixelRatio":3,"sdf":false},"poi_code_170100_16":{"width":54,"height":54,"x":1884,"y":1296,"pixelRatio":3,"sdf":false},"poi_code_170105_16":{"width":54,"height":54,"x":1884,"y":1350,"pixelRatio":3,"sdf":false},"poi_code_170107_16":{"width":54,"height":54,"x":1884,"y":1404,"pixelRatio":3,"sdf":false},"poi_code_180100_16":{"width":54,"height":54,"x":1884,"y":1458,"pixelRatio":3,"sdf":false},"poi_code_180101_16":{"width":54,"height":54,"x":1884,"y":1512,"pixelRatio":3,"sdf":false},"poi_code_180102_16":{"width":54,"height":54,"x":1884,"y":1566,"pixelRatio":3,"sdf":false},"poi_code_180103_16":{"width":54,"height":54,"x":1884,"y":1620,"pixelRatio":3,"sdf":false},"poi_code_180104_16":{"width":54,"height":54,"x":1884,"y":1674,"pixelRatio":3,"sdf":false},"poi_code_180105_16":{"width":54,"height":54,"x":1884,"y":1728,"pixelRatio":3,"sdf":false},"poi_code_180106_16":{"width":54,"height":54,"x":1884,"y":1782,"pixelRatio":3,"sdf":false},"poi_code_180110_16":{"width":54,"height":54,"x":0,"y":1872,"pixelRatio":3,"sdf":false},"poi_code_180201_16":{"width":54,"height":54,"x":54,"y":1872,"pixelRatio":3,"sdf":false},"poi_code_180209_16":{"width":54,"height":54,"x":108,"y":1872,"pixelRatio":3,"sdf":false},"poi_code_180210_16":{"width":54,"height":54,"x":162,"y":1872,"pixelRatio":3,"sdf":false},"poi_code_180304_16":{"width":54,"height":54,"x":216,"y":1872,"pixelRatio":3,"sdf":false},"poi_code_180307_16":{"width":54,"height":54,"x":270,"y":1872,"pixelRatio":3,"sdf":false},"poi_code_180308_16":{"width":54,"height":54,"x":324,"y":1872,"pixelRatio":3,"sdf":false},"poi_code_180309_16":{"width":54,"height":54,"x":378,"y":1872,"pixelRatio":3,"sdf":false},"poi_code_180310_16":{"width":54,"height":54,"x":432,"y":1872,"pixelRatio":3,"sdf":false},"poi_code_180400_16":{"width":54,"height":54,"x":486,"y":1872,"pixelRatio":3,"sdf":false},"poi_code_190100_16":{"width":54,"height":54,"x":540,"y":1872,"pixelRatio":3,"sdf":false},"poi_code_190101_16":{"width":54,"height":54,"x":594,"y":1872,"pixelRatio":3,"sdf":false},"poi_code_190200_16":{"width":54,"height":54,"x":648,"y":1872,"pixelRatio":3,"sdf":false},"poi_code_1904014_16":{"width":54,"height":54,"x":702,"y":1872,"pixelRatio":3,"sdf":false},"poi_code_190402_16":{"width":54,"height":54,"x":756,"y":1872,"pixelRatio":3,"sdf":false},"poi_code_190403_16":{"width":54,"height":54,"x":810,"y":1872,"pixelRatio":3,"sdf":false},"poi_code_190404_16":{"width":54,"height":54,"x":864,"y":1872,"pixelRatio":3,"sdf":false},"poi_code_200103_16":{"width":54,"height":54,"x":918,"y":1872,"pixelRatio":3,"sdf":false},"poi_code_210105_16":{"width":54,"height":54,"x":972,"y":1872,"pixelRatio":3,"sdf":false},"poi_code_210215_16":{"width":54,"height":54,"x":1026,"y":1872,"pixelRatio":3,"sdf":false},"poi_code_230100_16":{"width":54,"height":54,"x":1080,"y":1872,"pixelRatio":3,"sdf":false},"poi_code_230103_16":{"width":54,"height":54,"x":1203,"y":585,"pixelRatio":3,"sdf":false},"poi_code_230108_16":{"width":54,"height":54,"x":1188,"y":1872,"pixelRatio":3,"sdf":false},"poi_code_230125_16":{"width":54,"height":54,"x":1242,"y":1872,"pixelRatio":3,"sdf":false},"poi_code_230126_16":{"width":54,"height":54,"x":1296,"y":1872,"pixelRatio":3,"sdf":false},"poi_code_230203_22":{"width":66,"height":42,"x":846,"y":1527,"pixelRatio":3,"sdf":false},"poi_code_230204_22":{"width":66,"height":42,"x":780,"y":1527,"pixelRatio":3,"sdf":false},"poi_code_230206_16":{"width":54,"height":54,"x":1458,"y":1872,"pixelRatio":3,"sdf":false},"poi_code_230207_16":{"width":54,"height":54,"x":1512,"y":1872,"pixelRatio":3,"sdf":false},"poi_code_230209_34":{"width":102,"height":48,"x":492,"y":426,"pixelRatio":3,"sdf":false},"poi_code_230215_16":{"width":54,"height":54,"x":1620,"y":1872,"pixelRatio":3,"sdf":false},"poi_code_230216_16":{"width":54,"height":54,"x":1674,"y":1872,"pixelRatio":3,"sdf":false},"poi_code_230217_16":{"width":54,"height":54,"x":1728,"y":1872,"pixelRatio":3,"sdf":false},"poi_code_230218_16":{"width":54,"height":54,"x":1782,"y":1872,"pixelRatio":3,"sdf":false},"poi_code_240100_16":{"width":54,"height":54,"x":1836,"y":1872,"pixelRatio":3,"sdf":false},"poi_door_16":{"width":54,"height":54,"x":1938,"y":0,"pixelRatio":3,"sdf":false},"point-1-7":{"width":24,"height":24,"x":1644,"y":624,"pixelRatio":3,"sdf":false},"point-10-7":{"width":24,"height":24,"x":1635,"y":123,"pixelRatio":3,"sdf":false},"point-11":{"width":30,"height":30,"x":1716,"y":201,"pixelRatio":3,"sdf":false},"point-2-7":{"width":24,"height":24,"x":1992,"y":1956,"pixelRatio":3,"sdf":false},"point-3-7":{"width":24,"height":24,"x":1746,"y":1719,"pixelRatio":3,"sdf":false},"point-4-7":{"width":24,"height":24,"x":1644,"y":648,"pixelRatio":3,"sdf":false},"point-5-7":{"width":24,"height":24,"x":1788,"y":366,"pixelRatio":3,"sdf":false},"point-6-7":{"width":24,"height":24,"x":2016,"y":1956,"pixelRatio":3,"sdf":false},"point-7-7":{"width":24,"height":24,"x":1770,"y":1719,"pixelRatio":3,"sdf":false},"point-8-7":{"width":24,"height":24,"x":1794,"y":1719,"pixelRatio":3,"sdf":false},"point-9-7":{"width":24,"height":24,"x":1788,"y":1125,"pixelRatio":3,"sdf":false},"point-name-15-10":{"width":336,"height":45,"x":0,"y":135,"pixelRatio":3,"sdf":false},"point-name-15-11":{"width":366,"height":45,"x":0,"y":45,"pixelRatio":3,"sdf":false},"point-name-15-2":{"width":96,"height":45,"x":330,"y":483,"pixelRatio":3,"sdf":false},"point-name-15-3":{"width":126,"height":45,"x":1071,"y":153,"pixelRatio":3,"sdf":false},"point-name-15-4":{"width":156,"height":45,"x":174,"y":483,"pixelRatio":3,"sdf":false},"point-name-15-5":{"width":186,"height":45,"x":366,"y":276,"pixelRatio":3,"sdf":false},"point-name-15-6":{"width":216,"height":45,"x":366,"y":45,"pixelRatio":3,"sdf":false},"point-name-15-8":{"width":276,"height":45,"x":0,"y":270,"pixelRatio":3,"sdf":false},"point-name-15-9":{"width":306,"height":45,"x":0,"y":225,"pixelRatio":3,"sdf":false},"police-15":{"width":45,"height":45,"x":1575,"y":1980,"pixelRatio":3,"sdf":false},"postal-15":{"width":45,"height":45,"x":1617,"y":1677,"pixelRatio":3,"sdf":false},"rail-15":{"width":45,"height":45,"x":1662,"y":1677,"pixelRatio":3,"sdf":false},"restaurant-15":{"width":45,"height":45,"x":1890,"y":1872,"pixelRatio":3,"sdf":false},"restric-info-0-18":{"width":54,"height":54,"x":1938,"y":363,"pixelRatio":3,"sdf":false},"restric-info-1-18":{"width":54,"height":54,"x":1938,"y":417,"pixelRatio":3,"sdf":false},"restric-info-2-18":{"width":54,"height":54,"x":1938,"y":471,"pixelRatio":3,"sdf":false},"restric-info-3-18":{"width":54,"height":54,"x":1938,"y":525,"pixelRatio":3,"sdf":false},"restric-info-4-18":{"width":54,"height":54,"x":1938,"y":579,"pixelRatio":3,"sdf":false},"ring-15":{"width":45,"height":45,"x":270,"y":1980,"pixelRatio":3,"sdf":false},"road":{"width":45,"height":48,"x":1992,"y":1485,"pixelRatio":3,"sdf":false},"road-camera-18":{"width":54,"height":54,"x":1938,"y":687,"pixelRatio":3,"sdf":false},"road-tap-100":{"width":60,"height":30,"x":552,"y":276,"pixelRatio":3,"sdf":false},"road-tap-101":{"width":60,"height":30,"x":552,"y":231,"pixelRatio":3,"sdf":false},"road-tap-102":{"width":60,"height":30,"x":1257,"y":1179,"pixelRatio":3,"sdf":false},"road-tap-103":{"width":60,"height":30,"x":1818,"y":1770,"pixelRatio":3,"sdf":false},"school-15":{"width":54,"height":54,"x":1938,"y":903,"pixelRatio":3,"sdf":false},"service-15":{"width":54,"height":54,"x":1938,"y":957,"pixelRatio":3,"sdf":false},"shop-15":{"width":54,"height":54,"x":1938,"y":1011,"pixelRatio":3,"sdf":false},"sion-material-32":{"width":192,"height":96,"x":366,"y":135,"pixelRatio":3,"sdf":false},"space-type-1-18":{"width":60,"height":60,"x":1257,"y":1119,"pixelRatio":3,"sdf":false},"space-type-19-18":{"width":60,"height":60,"x":1818,"y":1710,"pixelRatio":3,"sdf":false},"space-type-2-18":{"width":60,"height":60,"x":1818,"y":1650,"pixelRatio":3,"sdf":false},"space-type-20-18":{"width":60,"height":60,"x":1818,"y":1590,"pixelRatio":3,"sdf":false},"space-type-3-18":{"width":60,"height":60,"x":1818,"y":1431,"pixelRatio":3,"sdf":false},"space-type-30-18":{"width":60,"height":60,"x":1818,"y":1077,"pixelRatio":3,"sdf":false},"space-type-4-18":{"width":60,"height":60,"x":1818,"y":1257,"pixelRatio":3,"sdf":false},"space-type-5-18":{"width":60,"height":60,"x":1818,"y":1317,"pixelRatio":3,"sdf":false},"space-type-6-18":{"width":60,"height":60,"x":0,"y":1812,"pixelRatio":3,"sdf":false},"space-type-9-18":{"width":60,"height":60,"x":60,"y":1812,"pixelRatio":3,"sdf":false},"space-type-99-18":{"width":60,"height":60,"x":1818,"y":1197,"pixelRatio":3,"sdf":false},"speed-value-0-10-18":{"width":54,"height":54,"x":1938,"y":1389,"pixelRatio":3,"sdf":false},"speed-value-0-100-18":{"width":54,"height":54,"x":1938,"y":1443,"pixelRatio":3,"sdf":false},"speed-value-0-110-18":{"width":54,"height":54,"x":1938,"y":1497,"pixelRatio":3,"sdf":false},"speed-value-0-120-18":{"width":54,"height":54,"x":1938,"y":1551,"pixelRatio":3,"sdf":false},"speed-value-0-20-18":{"width":54,"height":54,"x":1938,"y":1605,"pixelRatio":3,"sdf":false},"speed-value-0-30-18":{"width":54,"height":54,"x":1938,"y":1659,"pixelRatio":3,"sdf":false},"speed-value-0-32-18":{"width":54,"height":54,"x":1938,"y":1713,"pixelRatio":3,"sdf":false},"speed-value-0-4-18":{"width":54,"height":54,"x":1938,"y":1767,"pixelRatio":3,"sdf":false},"speed-value-0-40-18":{"width":54,"height":54,"x":1938,"y":1821,"pixelRatio":3,"sdf":false},"speed-value-0-5-18":{"width":54,"height":54,"x":0,"y":1926,"pixelRatio":3,"sdf":false},"speed-value-0-50-18":{"width":54,"height":54,"x":54,"y":1926,"pixelRatio":3,"sdf":false},"speed-value-0-60-18":{"width":54,"height":54,"x":108,"y":1926,"pixelRatio":3,"sdf":false},"speed-value-0-70-18":{"width":54,"height":54,"x":162,"y":1926,"pixelRatio":3,"sdf":false},"speed-value-0-80-18":{"width":54,"height":54,"x":216,"y":1926,"pixelRatio":3,"sdf":false},"speed-value-0-84-18":{"width":54,"height":54,"x":270,"y":1926,"pixelRatio":3,"sdf":false},"speed-value-0-90-18":{"width":54,"height":54,"x":324,"y":1926,"pixelRatio":3,"sdf":false},"speed-value-0-unknown-18":{"width":54,"height":54,"x":378,"y":1926,"pixelRatio":3,"sdf":false},"speed-value-1-10-18":{"width":54,"height":54,"x":432,"y":1926,"pixelRatio":3,"sdf":false},"speed-value-1-100-18":{"width":54,"height":54,"x":486,"y":1926,"pixelRatio":3,"sdf":false},"speed-value-1-110-18":{"width":54,"height":54,"x":540,"y":1926,"pixelRatio":3,"sdf":false},"speed-value-1-120-18":{"width":54,"height":54,"x":594,"y":1926,"pixelRatio":3,"sdf":false},"speed-value-1-20-18":{"width":54,"height":54,"x":648,"y":1926,"pixelRatio":3,"sdf":false},"speed-value-1-30-18":{"width":54,"height":54,"x":702,"y":1926,"pixelRatio":3,"sdf":false},"speed-value-1-32-18":{"width":54,"height":54,"x":756,"y":1926,"pixelRatio":3,"sdf":false},"speed-value-1-4-18":{"width":54,"height":54,"x":810,"y":1926,"pixelRatio":3,"sdf":false},"speed-value-1-40-18":{"width":54,"height":54,"x":864,"y":1926,"pixelRatio":3,"sdf":false},"speed-value-1-5-18":{"width":54,"height":54,"x":918,"y":1926,"pixelRatio":3,"sdf":false},"speed-value-1-50-18":{"width":54,"height":54,"x":972,"y":1926,"pixelRatio":3,"sdf":false},"speed-value-1-60-18":{"width":54,"height":54,"x":1026,"y":1926,"pixelRatio":3,"sdf":false},"speed-value-1-70-18":{"width":54,"height":54,"x":1080,"y":1926,"pixelRatio":3,"sdf":false},"speed-value-1-80-18":{"width":54,"height":54,"x":1134,"y":1926,"pixelRatio":3,"sdf":false},"speed-value-1-84-18":{"width":54,"height":54,"x":1188,"y":1926,"pixelRatio":3,"sdf":false},"speed-value-1-90-18":{"width":54,"height":54,"x":1242,"y":1926,"pixelRatio":3,"sdf":false},"speed-value-1-unknown-18":{"width":54,"height":54,"x":1296,"y":1926,"pixelRatio":3,"sdf":false},"splice-device-1":{"width":51,"height":87,"x":1317,"y":87,"pixelRatio":3,"sdf":false},"splice-device-1-fault":{"width":66,"height":90,"x":129,"y":1209,"pixelRatio":3,"sdf":false},"splice-device-1-forbidden":{"width":66,"height":90,"x":0,"y":1209,"pixelRatio":3,"sdf":false},"splice-device-1-off-line":{"width":63,"height":90,"x":195,"y":1209,"pixelRatio":3,"sdf":false},"splice-device-1-online":{"width":66,"height":87,"x":1317,"y":0,"pixelRatio":3,"sdf":false},"splice-device-1-proposed":{"width":63,"height":90,"x":66,"y":1209,"pixelRatio":3,"sdf":false},"square":{"width":48,"height":48,"x":1992,"y":1437,"pixelRatio":3,"sdf":false},"stadium-15":{"width":45,"height":45,"x":45,"y":1980,"pixelRatio":3,"sdf":false},"star-11":{"width":45,"height":45,"x":90,"y":1980,"pixelRatio":3,"sdf":false},"state-15-1":{"width":54,"height":39,"x":306,"y":225,"pixelRatio":3,"sdf":false},"state-15-2":{"width":72,"height":39,"x":1383,"y":1257,"pixelRatio":3,"sdf":false},"state-15-3":{"width":84,"height":39,"x":915,"y":1065,"pixelRatio":3,"sdf":false},"state-15-4":{"width":96,"height":39,"x":468,"y":321,"pixelRatio":3,"sdf":false},"state-15-5":{"width":93,"height":45,"x":600,"y":825,"pixelRatio":3,"sdf":false},"state-15-6":{"width":108,"height":45,"x":1071,"y":333,"pixelRatio":3,"sdf":false},"supermarket-15":{"width":45,"height":45,"x":405,"y":1980,"pixelRatio":3,"sdf":false},"tcxx_glsd_ql":{"width":48,"height":48,"x":1992,"y":1581,"pixelRatio":3,"sdf":false},"tcxx_glsd_sd":{"width":45,"height":48,"x":1992,"y":1389,"pixelRatio":3,"sdf":false},"tea-15":{"width":45,"height":45,"x":1992,"y":1911,"pixelRatio":3,"sdf":false},"theatre-15":{"width":45,"height":45,"x":726,"y":546,"pixelRatio":3,"sdf":false},"toilet-15":{"width":45,"height":45,"x":726,"y":642,"pixelRatio":3,"sdf":false},"toll":{"width":96,"height":39,"x":561,"y":738,"pixelRatio":3,"sdf":false},"town-hall":{"width":45,"height":45,"x":807,"y":1677,"pixelRatio":3,"sdf":false},"traffic-light-15":{"width":21,"height":45,"x":1788,"y":321,"pixelRatio":3,"sdf":false},"traffic-lights-green-30":{"width":24,"height":84,"x":1419,"y":522,"pixelRatio":3,"sdf":false},"traffic-lights-red-30":{"width":24,"height":84,"x":1383,"y":606,"pixelRatio":3,"sdf":false},"traffic-lights-yellow-30":{"width":24,"height":84,"x":1407,"y":606,"pixelRatio":3,"sdf":false},"transfer_15":{"width":45,"height":45,"x":987,"y":1677,"pixelRatio":3,"sdf":false},"weather-alarm-lev-1-24":{"width":63,"height":75,"x":1599,"y":936,"pixelRatio":3,"sdf":false},"weather-alarm-lev-2-24":{"width":63,"height":75,"x":1536,"y":759,"pixelRatio":3,"sdf":false},"weather-alarm-lev-3-24":{"width":63,"height":75,"x":1536,"y":684,"pixelRatio":3,"sdf":false},"weather-alarm-lev-4-24":{"width":63,"height":75,"x":1536,"y":534,"pixelRatio":3,"sdf":false},"weather_d_0_20":{"width":60,"height":60,"x":1818,"y":1137,"pixelRatio":3,"sdf":false},"weather_d_10_20":{"width":66,"height":48,"x":450,"y":1527,"pixelRatio":3,"sdf":false},"weather_d_11_20":{"width":66,"height":54,"x":924,"y":1602,"pixelRatio":3,"sdf":false},"weather_d_12_20":{"width":66,"height":54,"x":1056,"y":1602,"pixelRatio":3,"sdf":false},"weather_d_13_20":{"width":63,"height":51,"x":1818,"y":981,"pixelRatio":3,"sdf":false},"weather_d_14_20":{"width":66,"height":51,"x":543,"y":1677,"pixelRatio":3,"sdf":false},"weather_d_15_20":{"width":66,"height":51,"x":1320,"y":1602,"pixelRatio":3,"sdf":false},"weather_d_16_20":{"width":72,"height":69,"x":1746,"y":0,"pixelRatio":3,"sdf":false},"weather_d_17_20":{"width":66,"height":69,"x":1746,"y":1581,"pixelRatio":3,"sdf":false},"weather_d_18_20":{"width":84,"height":60,"x":84,"y":1299,"pixelRatio":3,"sdf":false},"weather_d_19_20":{"width":66,"height":57,"x":279,"y":1677,"pixelRatio":3,"sdf":false},"weather_d_1_20":{"width":63,"height":54,"x":1818,"y":882,"pixelRatio":3,"sdf":false},"weather_d_20_20":{"width":60,"height":45,"x":1818,"y":1545,"pixelRatio":3,"sdf":false},"weather_d_21_20":{"width":66,"height":51,"x":1518,"y":1602,"pixelRatio":3,"sdf":false},"weather_d_22_20":{"width":66,"height":54,"x":477,"y":1677,"pixelRatio":3,"sdf":false},"weather_d_23_20":{"width":66,"height":45,"x":714,"y":1527,"pixelRatio":3,"sdf":false},"weather_d_24_20":{"width":66,"height":54,"x":858,"y":1602,"pixelRatio":3,"sdf":false},"weather_d_25_20":{"width":63,"height":57,"x":1818,"y":774,"pixelRatio":3,"sdf":false},"weather_d_26_20":{"width":66,"height":54,"x":990,"y":1602,"pixelRatio":3,"sdf":false},"weather_d_27_20":{"width":66,"height":57,"x":213,"y":1677,"pixelRatio":3,"sdf":false},"weather_d_28_20":{"width":66,"height":69,"x":1746,"y":1332,"pixelRatio":3,"sdf":false},"weather_d_29_20":{"width":84,"height":51,"x":855,"y":1209,"pixelRatio":3,"sdf":false},"weather_d_2_20":{"width":66,"height":39,"x":1251,"y":1209,"pixelRatio":3,"sdf":false},"weather_d_30_20":{"width":63,"height":51,"x":1818,"y":723,"pixelRatio":3,"sdf":false},"weather_d_31_20":{"width":60,"height":54,"x":1818,"y":1377,"pixelRatio":3,"sdf":false},"weather_d_3_20":{"width":63,"height":51,"x":1818,"y":624,"pixelRatio":3,"sdf":false},"weather_d_4_20":{"width":66,"height":51,"x":1254,"y":1602,"pixelRatio":3,"sdf":false},"weather_d_53_20":{"width":132,"height":108,"x":834,"y":921,"pixelRatio":3,"sdf":false},"weather_d_5_20":{"width":66,"height":51,"x":1386,"y":1602,"pixelRatio":3,"sdf":false},"weather_d_6_20":{"width":66,"height":60,"x":198,"y":1743,"pixelRatio":3,"sdf":false},"weather_d_7_20":{"width":66,"height":51,"x":1452,"y":1602,"pixelRatio":3,"sdf":false},"weather_d_8_20":{"width":66,"height":48,"x":516,"y":1527,"pixelRatio":3,"sdf":false},"weather_d_9_20":{"width":66,"height":48,"x":582,"y":1527,"pixelRatio":3,"sdf":false},"weather_n_0_20":{"width":60,"height":66,"x":1257,"y":1053,"pixelRatio":3,"sdf":false},"weather_n_10_20":{"width":66,"height":48,"x":648,"y":1527,"pixelRatio":3,"sdf":false},"weather_n_11_20":{"width":66,"height":54,"x":345,"y":1677,"pixelRatio":3,"sdf":false},"weather_n_12_20":{"width":66,"height":54,"x":411,"y":1677,"pixelRatio":3,"sdf":false},"weather_n_13_20":{"width":63,"height":45,"x":1818,"y":579,"pixelRatio":3,"sdf":false},"weather_n_14_20":{"width":66,"height":51,"x":1584,"y":1602,"pixelRatio":3,"sdf":false},"weather_n_15_20":{"width":66,"height":51,"x":1650,"y":1602,"pixelRatio":3,"sdf":false},"weather_n_16_20":{"width":72,"height":69,"x":1746,"y":957,"pixelRatio":3,"sdf":false},"weather_n_17_20":{"width":66,"height":69,"x":1317,"y":1227,"pixelRatio":3,"sdf":false},"weather_n_18_20":{"width":84,"height":66,"x":0,"y":1299,"pixelRatio":3,"sdf":false},"weather_n_19_20":{"width":66,"height":57,"x":264,"y":1743,"pixelRatio":3,"sdf":false},"weather_n_1_20":{"width":63,"height":48,"x":1818,"y":531,"pixelRatio":3,"sdf":false},"weather_n_20_20":{"width":60,"height":45,"x":1536,"y":1479,"pixelRatio":3,"sdf":false},"weather_n_21_20":{"width":66,"height":51,"x":675,"y":1677,"pixelRatio":3,"sdf":false},"weather_n_22_20":{"width":66,"height":54,"x":396,"y":1743,"pixelRatio":3,"sdf":false},"weather_n_23_20":{"width":66,"height":45,"x":741,"y":1677,"pixelRatio":3,"sdf":false},"weather_n_24_20":{"width":66,"height":54,"x":1818,"y":123,"pixelRatio":3,"sdf":false},"weather_n_25_20":{"width":66,"height":48,"x":1818,"y":177,"pixelRatio":3,"sdf":false},"weather_n_26_20":{"width":66,"height":54,"x":1818,"y":225,"pixelRatio":3,"sdf":false},"weather_n_27_20":{"width":66,"height":60,"x":1818,"y":279,"pixelRatio":3,"sdf":false},"weather_n_28_20":{"width":66,"height":69,"x":0,"y":1743,"pixelRatio":3,"sdf":false},"weather_n_29_20":{"width":84,"height":51,"x":771,"y":1209,"pixelRatio":3,"sdf":false},"weather_n_2_20":{"width":66,"height":39,"x":912,"y":1527,"pixelRatio":3,"sdf":false},"weather_n_30_20":{"width":63,"height":51,"x":1818,"y":432,"pixelRatio":3,"sdf":false},"weather_n_31_20":{"width":60,"height":54,"x":1818,"y":1491,"pixelRatio":3,"sdf":false},"weather_n_3_20":{"width":63,"height":48,"x":1818,"y":483,"pixelRatio":3,"sdf":false},"weather_n_4_20":{"width":66,"height":51,"x":609,"y":1677,"pixelRatio":3,"sdf":false},"weather_n_53_20":{"width":132,"height":108,"x":1071,"y":0,"pixelRatio":3,"sdf":false},"weather_n_5_20":{"width":66,"height":51,"x":1122,"y":1602,"pixelRatio":3,"sdf":false},"weather_n_6_20":{"width":66,"height":60,"x":132,"y":1743,"pixelRatio":3,"sdf":false},"weather_n_7_20":{"width":66,"height":51,"x":1188,"y":1602,"pixelRatio":3,"sdf":false},"weather_n_8_20":{"width":66,"height":48,"x":1818,"y":339,"pixelRatio":3,"sdf":false},"weather_n_9_20":{"width":66,"height":48,"x":384,"y":1527,"pixelRatio":3,"sdf":false},"zoo-15":{"width":45,"height":45,"x":1482,"y":1677,"pixelRatio":3,"sdf":false}}